node_id,demand_1,demand_2,demand_3,demand_4,demand_5,demand_6,demand_7,demand_8,demand_9,demand_10,demand_11,demand_12,demand_13,demand_14,demand_15,demand_16,demand_17,demand_18,demand_19,demand_20,demand_21,demand_22,demand_23,demand_24
B,0.0066680005,0.0066680005,0.0050010006,0.0050010006,0.0033340002,0.0033340002,0.0050010006,0.0050010006,0.008335001,0.008335001,0.010002001,0.010002001,0.011669001,0.011669001,0.013336001,0.013336001,0.011669001,0.011669001,0.010002001,0.010002001,0.008335001,0.008335001,0.0066680005,0.0066680005
D,0.008888,0.008888,0.006666,0.006666,0.004444,0.004444,0.006666,0.006666,0.01111,0.01111,0.013332,0.013332,0.015554001,0.015554001,0.017776,0.017776,0.015554001,0.015554001,0.013332,0.013332,0.01111,0.01111,0.008888,0.008888
F,0.0072200005,0.0072200005,0.005415,0.005415,0.0036100002,0.0036100002,0.005415,0.005415,0.009025,0.009025,0.01083,0.01083,0.012635001,0.012635001,0.014440001,0.014440001,0.012635001,0.012635001,0.01083,0.01083,0.009025,0.009025,0.0072200005,0.0072200005
E,0.0077760005,0.0077760005,0.005832,0.005832,0.0038880003,0.0038880003,0.005832,0.005832,0.00972,0.00972,0.011664,0.011664,0.013608,0.013608,0.015552001,0.015552001,0.013608,0.013608,0.011664,0.011664,0.00972,0.00972,0.0077760005,0.0077760005
C,0.0061080004,0.0061080004,0.0045810007,0.0045810007,0.0030540002,0.0030540002,0.0045810007,0.0045810007,0.0076350006,0.0076350006,0.009162001,0.009162001,0.010689001,0.010689001,0.012216001,0.012216001,0.010689001,0.010689001,0.009162001,0.009162001,0.0076350006,0.0076350006,0.0061080004,0.0061080004
A,0.0033320002,0.0033320002,0.0024990002,0.0024990002,0.0016660001,0.0016660001,0.0024990002,0.0024990002,0.0041650003,0.0041650003,0.0049980003,0.0049980003,0.005831,0.005831,0.0066640005,0.0066640005,0.005831,0.005831,0.0049980003,0.0049980003,0.0041650003,0.0041650003,0.0033320002,0.0033320002
