index,link_id,A,B,C
1,PUMP_1,-656684.6997930978,0.01600959491329435,126.67000000000004
