node_id,demand_1,demand_2,demand_3,demand_4,demand_5,demand_6,demand_7,demand_8,demand_9,demand_10,demand_11,demand_12,demand_13,demand_14,demand_15,demand_16,demand_17,demand_18,demand_19,demand_20,demand_21,demand_22,demand_23,demand_24
J1,0.030000001,0.030000001,0.030000001,0.030000001,0.030000001,0.030000001,0.030000001,0.030000001,0.030000001,0.030000001,0.030000001,0.030000001,0.030000001,0.030000001,0.030000001,0.030000001,0.030000001,0.030000001,0.030000001,0.030000001,0.030000001,0.030000001,0.030000001,0.030000001
J2,0.020000001,0.020000001,0.020000001,0.020000001,0.020000001,0.020000001,0.020000001,0.020000001,0.020000001,0.020000001,0.020000001,0.020000001,0.020000001,0.020000001,0.020000001,0.020000001,0.020000001,0.020000001,0.020000001,0.020000001,0.020000001,0.020000001,0.020000001,0.020000001
J3,0.020000001,0.020000001,0.020000001,0.020000001,0.020000001,0.020000001,0.020000001,0.020000001,0.020000001,0.020000001,0.020000001,0.020000001,0.020000001,0.020000001,0.020000001,0.020000001,0.020000001,0.020000001,0.020000001,0.020000001,0.020000001,0.020000001,0.020000001,0.020000001
J4,0.05,0.05,0.05,0.05,0.05,0.05,0.05,0.05,0.05,0.05,0.05,0.05,0.05,0.05,0.05,0.05,0.05,0.05,0.05,0.05,0.05,0.05,0.05,0.05
J5,0.020000001,0.020000001,0.020000001,0.020000001,0.020000001,0.020000001,0.020000001,0.020000001,0.020000001,0.020000001,0.020000001,0.020000001,0.020000001,0.020000001,0.020000001,0.020000001,0.020000001,0.020000001,0.020000001,0.020000001,0.020000001,0.020000001,0.020000001,0.020000001
