index,link_id,A,B,C
1,4,-23809.376323569046,380.95120691421505,120.00000384000006
