index,link_id,A,B,C
1,10,-162.72344808776577,-8.45456236367022,31.699199999999994
2,335,-5.013887756205735,-34.911016018692465,60.95999999999999
