index,node_id,elev,initial_level,min_level,max_level,diameter
1,1,40.20312,4.90728,0.03048,9.78408,25.908
2,2,35.5092,7.13232,1.9812,12.28344,15.24
3,3,39.3192,6.0198,1.2192,10.8204,49.9872
