index,node_id,elev,initial_level,min_level,max_level,diameter
1,1,40.203120000000006,3.99288,0.030480000000000004,9.784080000000001,25.908
2,2,35.5092,7.162800000000001,1.9812,12.28344,15.24
3,3,39.3192,8.8392,1.2192,10.820400000000001,49.9872
