index,link_id,A,B,C
1,9,-2850.3192214066185,4.02598207793799,101.34599999999996
