index,node_id,node_type,elev,xcoord,ycoord
1,10,junction,216.40800000000002,20.0,70.0
2,11,junction,216.40800000000002,30.0,70.0
3,12,junction,213.36,50.0,70.0
4,13,junction,211.836,70.0,70.0
5,21,junction,213.36,30.0,40.0
6,22,junction,211.836,50.0,40.0
7,23,junction,210.312,70.0,40.0
8,31,junction,213.36,30.0,10.0
9,32,junction,216.40800000000002,50.0,10.0
10,9,reservoir,0,10.0,70.0
11,2,tank,259.08000000000004,50.0,90.0
